{
    "detection_classes": [
        "Mouse_bite",
        "Mouse_bite",
        "Mouse_bite",
        "Mouse_bite",
        "Mouse_bite",
        "Mouse_bite",
        "Mouse_bite"
    ],
    "detection_boxes": [
        [
            1140.739013671875,
            595.2199096679688,
            1169.38525390625,
            625.1261596679688
        ],
        [
            950.0708618164062,
            2142.98388671875,
            975.3972778320312,
            2172.87646484375
        ],
        [
            1610.680419921875,
            1656.1103515625,
            1635.663818359375,
            1682.8125
        ],
        [
            1614.370361328125,
            1050.900146484375,
            1643.65673828125,
            1087.6549072265625
        ],
        [
            955.598876953125,
            1983.8751220703125,
            979.8062744140625,
            2013.9185791015625
        ],
        [
            888.343505859375,
            1899.28857421875,
            913.558837890625,
            1926.2646484375
        ],
        [
            760.5684814453125,
            1463.9796142578125,
            773.94921875,
            1483.2509765625
        ]
    ],
    "detection_scores": [
        0.937374472618103,
        0.9353335499763489,
        0.9314528107643127,
        0.7751177549362183,
        0.7075609564781189,
        0.38667479157447815,
        0.2736494541168213
    ]
}