{
    "detection_classes": [
        "Spurious_copper",
        "Spurious_copper",
        "Spurious_copper",
        "Spurious_copper",
        "Spurious_copper",
        "Missing_hole",
        "Spurious_copper",
        "Missing_hole",
        "Missing_hole",
        "Missing_hole",
        "Missing_hole"
    ],
    "detection_boxes": [
        [
            699.1600341796875,
            2108.742431640625,
            747.1458740234375,
            2130.449951171875
        ],
        [
            656.17626953125,
            1057.1075439453125,
            700.15283203125,
            1076.25439453125
        ],
        [
            1377.1358642578125,
            1219.482421875,
            1400.329833984375,
            1291.311767578125
        ],
        [
            571.3983154296875,
            657.0925903320312,
            585.708984375,
            699.1658325195312
        ],
        [
            762.9628295898438,
            2451.899169921875,
            820.9819946289062,
            2475.559814453125
        ],
        [
            1117.218994140625,
            2303.300537109375,
            1138.923828125,
            2325.63427734375
        ],
        [
            1461.7872314453125,
            2286.11669921875,
            1482.924560546875,
            2354.617431640625
        ],
        [
            1129.6871337890625,
            2617.843505859375,
            1159.25048828125,
            2646.21435546875
        ],
        [
            1574.0943603515625,
            2056.271728515625,
            1598.6527099609375,
            2081.955810546875
        ],
        [
            1234.32958984375,
            2432.153564453125,
            1254.28564453125,
            2450.826904296875
        ],
        [
            1164.6173095703125,
            874.6944580078125,
            1187.8369140625,
            896.3792724609375
        ]
    ],
    "detection_scores": [
        0.8300674557685852,
        0.8197804689407349,
        0.8019405007362366,
        0.7902427911758423,
        0.789109468460083,
        0.751532793045044,
        0.7148343324661255,
        0.574247419834137,
        0.31478095054626465,
        0.145547017455101,
        0.12413999438285828
    ]
}